,model,dataset,layers,center_of_gravity,expected_layer,differential_score,mixing_weight
0,HUBERT_ASR_LARGE,AESDD,25,11.900656959041953,6.804597766353081,"[ 1.69082135  4.58936989 -3.62318605  4.83091623  4.83091772 -0.24154484
  1.93236768  1.20772719  3.62319052  0.48309267 -1.93236768 -2.89855003
  7.00482726  0.         -6.52173758  3.62319052  0.48309267  2.41545737
 -3.3816427   5.3140074   0.96618533 -3.14009786 -6.03864491  5.79710007]","[0.03418743 0.03522203 0.03782232 0.04019649 0.04133603 0.04203098
 0.0429161  0.04272864 0.04236523 0.04208304 0.04276128 0.04295996
 0.04368416 0.04336854 0.04167983 0.04117376 0.0404532  0.03990678
 0.03964088 0.03956744 0.03827656 0.03726828 0.03685579 0.03620372
 0.03531152]"
1,HUBERT_BASE,AESDD,13,6.148689236491919,2.2749988548641746,"[-1.69082284  6.52174056 -1.20773017  2.6570037   1.93237066  4.34782505
 -1.20773017  4.10627723  0.72464049 -7.24637508 -0.72464049  1.44927502]","[0.07853558 0.06324977 0.07025829 0.07467049 0.07564943 0.07871378
 0.08200458 0.08052376 0.07752639 0.07858492 0.08112754 0.07956533
 0.07959012]"
2,HUBERT_LARGE,AESDD,25,12.19108547270298,6.885713842547668,"[ 2.89855003  5.55555671 -1.20773017  3.14009637  7.72947073  1.44927502
 -0.48309267  0.48309267 -5.79710007  7.00482726  2.65700519 -6.03864491
  7.48791993 -4.10628021  7.72947073 -6.28019571 -4.10627723  8.21256042
 -4.10628021 -2.65700817  2.41546035  1.20773017  2.41546035 -0.24154782]","[0.03697291 0.03677046 0.03725444 0.03829632 0.03866402 0.03871616
 0.03956172 0.04014626 0.04014044 0.04022642 0.04193015 0.04273874
 0.04336706 0.0425593  0.04091862 0.03970866 0.03847911 0.03849211
 0.0386935  0.03891587 0.03899118 0.04007862 0.04084659 0.04323679
 0.04429455]"
3,WAV2VEC2_ASR_LARGE_960H,AESDD,25,11.38192592188716,6.094827917217319,"[ 6.03864789e+00  4.10627872e+00  4.58937436e+00  0.00000000e+00
 -3.86473686e+00  7.48792440e+00  6.76328242e+00 -1.44927204e+00
  7.24637508e-01  4.83089685e-01  1.93236768e+00 -3.38164270e+00
  1.93236768e+00 -4.83092666e-01 -7.24634528e-01 -2.98023224e-06
  1.20773017e+00 -1.69082284e+00  1.20773017e+00  7.24637508e-01
 -3.14009786e+00  7.72947073e+00 -2.41545737e+00  2.41544843e-01]","[0.03268867 0.03804066 0.03970949 0.04243678 0.04438164 0.04486149
 0.04874264 0.04946424 0.04912101 0.04809826 0.04809537 0.04589042
 0.04140562 0.0401242  0.0395816  0.04190099 0.03865553 0.03510935
 0.03354096 0.03333941 0.03214871 0.03235898 0.0326138  0.03323714
 0.03445301]"
4,WAV2VEC2_BASE,AESDD,13,5.960665199905634,4.516129458080802,"[ 1.69082135  4.58937287  4.83091772  0.96618235 -1.93236768 11.35265827
 -4.34782505  5.07246256 -2.17391253  6.03864789 -6.28019273  2.65700519]","[0.0733594  0.06515359 0.06977213 0.07826615 0.08361168 0.08935414
 0.09138937 0.08559931 0.08243736 0.08072355 0.06880259 0.0599856
 0.07154514]"
5,WAV2VEC2_LARGE,AESDD,25,12.090231044217944,-1.6323525462699198,"[ 12.31884062  -0.24154782   5.79710305  -0.72463751  -4.34782505
  12.0772928   -8.93719792   1.69081986   7.48792589  -9.66183841
   5.07246554  -4.83091772   1.93236768   3.62318754  -1.93236768
   9.66183543 -13.28502297   3.62319052  -2.17391551  -4.10628021
   3.86473536   6.52173758  -2.65700519  -4.34782505]","[0.03134293 0.03432325 0.03289991 0.03583311 0.03886179 0.04225438
 0.04230936 0.04507553 0.04376433 0.04502504 0.04362181 0.04056704
 0.03860635 0.04051715 0.04151706 0.04219742 0.04606956 0.04601032
 0.04625244 0.04561267 0.04124838 0.03599221 0.03309817 0.03092167
 0.0360781 ]"
6,WAV2VEC2_LARGE_XLSR,AESDD,25,11.875819880515337,-501.2498523276706,"[ 1.06280208e+01  2.89855152e+00  4.58936989e+00 -2.65700519e+00
 -2.41545886e+00  1.08695641e+01  2.41546035e+00  0.00000000e+00
  2.89855003e+00 -1.35265708e+01  1.44927561e+01 -7.72947073e+00
  1.35265708e+01 -7.48792291e+00 -5.55555522e+00  7.48792291e+00
 -2.05314010e+01  1.95652157e+01  5.07246256e+00  2.98023224e-06
 -4.58937287e+00 -2.29468584e+01 -7.72946924e+00  1.69082135e+00]","[0.04024644 0.04034409 0.04035968 0.04037824 0.04039536 0.04042678
 0.04051159 0.04052563 0.04052984 0.04052494 0.040518   0.04050302
 0.0405035  0.04051785 0.04052552 0.04055742 0.04056229 0.04056879
 0.04058348 0.04059204 0.04060803 0.04054075 0.03640051 0.03638593
 0.0363903 ]"
7,WAV2VEC2_LARGE_XLSR300M,AESDD,25,12.372155948542058,1.47761231547314,"[-0.72463602  3.14009339  8.2125634  -3.86473238  2.65700221  1.93236768
  4.58936989  2.41546035 -7.72946775  5.07246256  2.89855003 -3.86473238
  7.48792291  0.72463751 -5.79710305  1.44927502  3.3816427   1.44927502
 -1.9323647   1.93236768 -7.97101557  6.28019273  0.48309267 -6.03864789]","[0.03140837 0.03093468 0.03168835 0.03237535 0.03509662 0.03875861
 0.03930497 0.03994454 0.04187147 0.04482245 0.04414174 0.04410799
 0.04242994 0.04330967 0.04330004 0.04310812 0.04494433 0.04453208
 0.04911868 0.04784359 0.0463367  0.04487002 0.03252939 0.03019505
 0.03302728]"
8,HUBERT_ASR_LARGE,CaFE,25,11.979653738439083,5.429448329418411,"[11.11111194  6.41025603  0.21367669  3.20512652 -2.7777791   2.99145281
  0.         -0.64102411  7.90598392  0.          2.13674903 -2.35042572
  5.34188151  2.99145281 -5.98290861 -0.4273504   5.34188151 -0.4273504
  1.06837749  3.20512652 -4.05982733  1.28205121 -2.13675201  0.4273504 ]","[0.03088022 0.03202607 0.03463643 0.03768259 0.03888088 0.04015277
 0.0421229  0.04343725 0.04274396 0.04296302 0.04560905 0.04639186
 0.04757769 0.0458378  0.04425733 0.04373392 0.04347106 0.04235106
 0.04300401 0.04147914 0.03977249 0.03479042 0.03313886 0.03143912
 0.03162011]"
9,HUBERT_BASE,CaFE,13,6.411410378292203,5.844036781183844,"[ 4.05982882 -0.6410256   2.5641039  -3.84615511  2.13675201 13.03419024
  1.70939863  4.273507   -1.28205121  1.70940161 -5.55555522  5.12820482]","[0.07032546 0.0555022  0.0604156  0.06829059 0.06848915 0.07502849
 0.08462855 0.08653599 0.0895131  0.09398538 0.09243968 0.07693624
 0.07790952]"
10,HUBERT_LARGE,CaFE,25,12.264078915119171,3.726190487556413,"[ 9.18803513e+00  1.23931602e+01 -3.20512652e+00 -3.20512950e+00
  1.28205150e+01 -7.05128312e+00  6.41025603e+00 -1.06837451e+00
  5.34187853e+00  8.54700804e-01 -8.54700804e-01  2.99145281e+00
  4.48717773e+00 -8.54697824e-01 -2.98023224e-06  1.92307830e+00
 -2.13675201e+00  8.54700804e-01  6.41024113e-01 -2.35042572e+00
  1.92307532e+00  1.06837749e+00  1.70940161e+00 -5.98290563e+00]","[0.03377288 0.03374936 0.03496369 0.03590107 0.03648762 0.03748946
 0.03923889 0.04061192 0.04032062 0.04088004 0.04382877 0.04721133
 0.04866312 0.04847112 0.04443491 0.04136197 0.03899513 0.03794164
 0.03769757 0.03717342 0.03659522 0.03753494 0.03831388 0.04261285
 0.04574858]"
11,WAV2VEC2_ASR_LARGE_960H,CaFE,25,10.971791939809918,1.9824574883073576,"[14.31623995  0.21367371  2.99145281 -0.21367371  4.91453111 -3.8461566
  5.5555582  -0.21367669  0.          2.35042572 -1.49572492  1.28205121
  1.28205121  1.06837451 -2.56409943  0.42734742 -2.13674903  2.35042572
 -2.13675201  2.13675201 -0.8547008  -1.06837451  2.35042572 -2.35042572]","[0.03032423 0.03384495 0.03659446 0.04138645 0.04475357 0.04822775
 0.05473439 0.05414661 0.05728724 0.05551848 0.05082735 0.05180732
 0.04896078 0.04505556 0.0439489  0.04212604 0.03790042 0.03092251
 0.02835804 0.02789882 0.02646706 0.02608702 0.02709115 0.02686008
 0.02887087]"
12,WAV2VEC2_BASE,CaFE,13,5.988776756450534,3.4489797022083497,"[ 5.12820631  7.90598094  1.70940161  5.76923192  1.06837749 -4.7008574
 -1.28205121  1.06837749  0.8547008   0.8547008   0.64102411  1.9230783 ]","[0.06442475 0.05781093 0.06295081 0.07215162 0.08223253 0.10240761
 0.10786045 0.09565707 0.09792035 0.08498788 0.06290282 0.05072153
 0.05797168]"
13,WAV2VEC2_LARGE,CaFE,25,12.108395553193986,4.517986312097483,"[ 1.36752144e+01  1.92307830e+00  1.06837451e+00  0.00000000e+00
  4.27350402e+00 -4.27350402e-01  4.27350402e+00  6.41024113e-01
  1.49572790e+00 -2.77777612e+00  2.13675201e+00  4.27347422e-01
  2.98023224e-06  4.05982733e+00 -4.27350402e+00 -4.27350402e-01
  4.91453111e+00 -1.70940459e+00  1.28205419e+00  1.70939863e+00
 -4.70085442e+00  2.13675499e+00  2.13673711e-01 -2.13673711e-01]","[0.0261333  0.02902796 0.02814657 0.02906602 0.03048266 0.03500438
 0.04128981 0.04713038 0.04808814 0.05190249 0.05362497 0.05107724
 0.04720411 0.04856802 0.05071514 0.05057812 0.04785571 0.04890405
 0.0496238  0.04241055 0.03054543 0.02858303 0.02716083 0.02500765
 0.0318697 ]"
14,WAV2VEC2_LARGE_XLSR,CaFE,25,11.860260805115104,65.18840588864923,"[ 15.59829116   2.56410241   2.99145281   1.49572492   2.99145281
   1.4957279    7.69230723  -6.19658232  -2.99144983   6.62392974
   5.76923192  -4.7008574    4.05983031  -3.63247991  -0.42734742
  -1.4957279    4.70085442  -1.28205121  -4.05982733   0.
   0.         -35.25641114  -9.40170959  -1.28205121]","[0.04030841 0.0403755  0.04038959 0.04039526 0.04040231 0.04043517
 0.04054417 0.04057199 0.04057061 0.04056972 0.04057342 0.04056144
 0.04057638 0.0405988  0.04062467 0.04068609 0.04071895 0.04073001
 0.04076296 0.0407778  0.04078882 0.04076481 0.03576881 0.03575276
 0.03575153]"
15,WAV2VEC2_LARGE_XLSR300M,CaFE,25,12.802757440134883,-0.12903130162397783,"[ 1.85897455e+01 -2.98023224e-06  5.98290563e+00  6.19658232e+00
 -3.84615362e+00  5.34188151e+00  3.41880023e+00 -5.12820184e+00
  3.20512652e+00 -8.54700804e-01  5.12820482e+00  6.41027093e-01
  3.63247693e+00 -2.35042572e+00  1.92307532e+00  0.00000000e+00
 -1.70940161e+00  8.54700804e-01 -8.76068175e+00  4.91452813e+00
  1.49572790e+00  3.20512652e+00 -1.28205121e+00 -7.47863054e+00]","[0.02258956 0.02336632 0.02318105 0.02419043 0.02722652 0.03194059
 0.03551523 0.0364294  0.04160502 0.04728646 0.05200576 0.04905641
 0.05090651 0.04947906 0.04991124 0.05122018 0.05025371 0.05582064
 0.0641349  0.05970093 0.03950492 0.04177469 0.02528334 0.02367891
 0.02393823]"
16,HUBERT_ASR_LARGE,EMOVO,25,11.839604150503874,3.376622422949003,"[ 3.57142761  0.76530725  0.76530501  6.12244979  0.         -0.25510192
  1.53061301  3.57142836  2.04081535 -5.10204136  7.90816396 -6.37755096
 11.98979616 -2.55102068 -0.76530576  4.84693944 -4.08163369  3.06122452
 -0.51020384 -5.35714328  4.59183604 -6.63265288 -1.02040768  1.53061152]","[0.03474701 0.03652791 0.03916188 0.04108667 0.04155752 0.04186091
 0.04213354 0.04209906 0.04203089 0.04175722 0.0426154  0.04252848
 0.04368541 0.04235301 0.04188638 0.04173782 0.0413151  0.04102942
 0.04119417 0.03959535 0.03797547 0.03598819 0.03544367 0.03477559
 0.03491392]"
17,HUBERT_BASE,EMOVO,13,6.1870545912534,4.3750005248002335,"[ 6.63265288 -2.80612186  5.35714254 -0.7653065   5.35714254 -2.29591727
  4.33673412 -4.84693795  0.51020384  5.61224371 -1.2755096   0.51020533]","[0.08458137 0.06243668 0.06890392 0.07067857 0.07259944 0.07522991
 0.07723659 0.07732359 0.08190276 0.08529969 0.08322271 0.07862075
 0.08196399]"
18,HUBERT_LARGE,EMOVO,25,12.237734718248248,6.873418410845126,"[-3.5714291   2.0408161   7.39795938 -0.76530576 -1.02040842  9.18367431
 -2.04081684  0.76530576 -5.10204136  2.29591951 11.98979542  4.59183604
 -2.80612111 -0.51020533  2.04081535 -2.80612111  1.53061152  1.02040917
 -5.10204136 -1.53061152  0.25510192  3.06122452  0.25510192 -1.02040768]","[0.03635006 0.03580035 0.03694515 0.03847859 0.0385234  0.03887684
 0.03975929 0.03994415 0.03949779 0.03956913 0.04189759 0.04291854
 0.04423954 0.04333164 0.04173953 0.03897787 0.03800606 0.03805183
 0.03857783 0.03839773 0.03890078 0.03997489 0.0409871  0.04466971
 0.0455846 ]"
19,WAV2VEC2_ASR_LARGE_960H,EMOVO,25,11.154430959373713,7.467391367494666,"[ 4.84693795  4.08163294  2.8061226  -0.25510192  4.84693795 -1.53061152
 -1.02040768  0.25510192  0.76530725  2.04081535 -1.02040768  5.10204136
 -3.31632793  2.04081684  0.25510192  0.25510192 -0.51020533  0.
  4.59183753 -5.35714179  3.57142836 -4.59183753  5.86734712 -0.25510192]","[0.03130262 0.04099443 0.04402815 0.04825874 0.04831136 0.04865988
 0.0495395  0.04880574 0.04801606 0.04746973 0.04695862 0.04517333
 0.04183194 0.03955686 0.03818944 0.03794668 0.03515279 0.03233908
 0.03091381 0.03066785 0.03188212 0.03269283 0.03297588 0.03372995
 0.03460257]"
20,WAV2VEC2_BASE,EMOVO,13,5.917685246095061,5.296295659286889,"[ 0.          4.08163294 -2.04081684  0.51020384  2.8061226  -0.25510192
  0.25510192 -1.02040768  1.53061152  0.51020384 -1.2755096   1.78571343]","[0.07661023 0.06538716 0.06795335 0.08171651 0.0865989  0.08747163
 0.08907685 0.08219083 0.08410134 0.08014657 0.07059534 0.06020761
 0.06794369]"
21,WAV2VEC2_LARGE,EMOVO,25,11.920910306274891,5.86666567235518,"[ 7.90816322 -1.78571343  2.04081535  4.84693944 -2.04081684 -0.51020384
  0.51020384  3.57142836 -3.06122452  2.55102068  2.04081535 -2.04081535
  3.82653028  3.82653177 -3.31632793  3.31632644 -1.02040619 -2.29592025
 -0.76530427  4.0816322  -2.29591876 -4.84693944  2.8061226   1.78571343]","[0.03003727 0.03500103 0.03717545 0.03784108 0.04163097 0.04312763
 0.04285551 0.04240799 0.04336151 0.04399754 0.04309643 0.04368135
 0.04185475 0.04138486 0.04225474 0.04206068 0.04379059 0.04401569
 0.04509529 0.04528295 0.04122203 0.03336067 0.03147172 0.02939589
 0.03459638]"
22,WAV2VEC2_LARGE_XLSR,EMOVO,25,11.8809924274683,80.2142820560508,"[  9.43877548  -0.25510192  -5.35714328   1.02040917  14.28571343
  -7.39795864  -5.61224669  15.81632793  -0.76530576   7.90816247
  -2.04081684 -12.75510043  12.49999851  -1.2755096   -7.65306205
   8.67346972   1.78571492   0.25510192 -12.5         10.20408124
   6.37754947 -31.63265139  -6.8877548   -1.27551034]","[0.04032792 0.0403605  0.0403625  0.04037665 0.04040073 0.04041203
 0.04045555 0.04047526 0.04047135 0.04047409 0.04047132 0.04046556
 0.0404647  0.04047143 0.04047601 0.04049651 0.04052042 0.04053074
 0.0405554  0.04054837 0.04055908 0.04051217 0.03661175 0.03659567
 0.0366043 ]"
23,WAV2VEC2_LARGE_XLSR300M,EMOVO,25,12.400468192994595,-30.333332359790813,"[ -2.0408161    4.84693795   2.04081684   2.55102068   1.78571492
  -7.39796013   0.25510192   3.06122452  -2.80612111   7.65306056
   5.10203987  -3.06122452   8.92857164 -14.79591727  14.79591727
  -8.41836631   5.10203987   0.51020384   3.57142836  -1.78571492
  -4.0816322   -1.02040768  -4.0816322   -6.12244904]","[0.02965601 0.03019167 0.03153641 0.03230076 0.03566405 0.03871911
 0.03958726 0.03974971 0.04162609 0.04391849 0.04218849 0.0414746
 0.04272659 0.0422051  0.04471008 0.04519789 0.04689335 0.0488555
 0.05427857 0.05262866 0.03970819 0.04733879 0.03148107 0.02878285
 0.02858081]"
24,HUBERT_ASR_LARGE,EmoDB,25,12.07489126548171,1.5476181507110596,"[ 2.38095522e+00  7.73809254e+00  2.38095224e+00  5.35714328e+00
  5.95238805e-01  1.78571641e+00  3.57142687e+00  3.57142687e+00
 -4.16666567e+00  1.19047761e+00  0.00000000e+00  4.76190150e+00
  2.98023224e-06  0.00000000e+00  5.95235825e-01  5.95238805e-01
  5.95238805e-01  1.78571343e+00 -3.57142687e+00  2.38094926e+00
 -2.38094926e+00 -1.19047761e+00 -5.95238805e-01 -2.38095224e+00]","[0.03387915 0.03455576 0.03628292 0.03832751 0.03895672 0.03967576
 0.04084621 0.04160285 0.04142342 0.04174842 0.04302586 0.04342757
 0.04434728 0.0440002  0.04283699 0.0417193  0.04125311 0.0411865
 0.04171146 0.04101877 0.04022552 0.03883071 0.03767562 0.0362972
 0.03514517]"
25,HUBERT_BASE,EmoDB,13,6.220255430787802,5.333332524155108,"[-1.78571343  7.14285672  1.19047761  4.76190448 -2.97619104  7.14285672
 -2.38095224  1.78571641  4.7619015  -0.59523582  0.          0.59523582]","[0.08614952 0.06237679 0.06630512 0.06822599 0.06874429 0.07215705
 0.08197951 0.08038497 0.08334659 0.08404409 0.08368143 0.08098364
 0.08162102]"
26,HUBERT_LARGE,EmoDB,25,12.2669966686517,4.462686108756757,"[11.90475821  4.16666865 10.11904776  3.57142985 -0.5952388   4.76190448
 -3.57142985  2.97619402  1.19047463  1.78571343 -1.78571343  1.78571343
  0.          1.78571641 -0.59524179  2.97619104 -1.19047761 -1.78571045
  2.38094926 -0.5952388   0.          0.          0.5952388   0.        ]","[0.03719793 0.03714217 0.03728968 0.03794834 0.03804582 0.03820385
 0.03864528 0.03911659 0.03914811 0.03949546 0.04074861 0.04211276
 0.043184   0.04269266 0.0411451  0.03963425 0.03907776 0.0388675
 0.03942645 0.03940003 0.03966141 0.04115366 0.04208641 0.04403957
 0.04453653]"
27,WAV2VEC2_ASR_LARGE_960H,EmoDB,25,11.393542971462011,4.851850361490288,"[ 7.14285672 -2.38095224  0.5952388   4.76190448  4.16666865  0.59523582
  0.         -5.95238209  2.97619104  2.97619104  1.19047463 -1.78571343
  0.5952388  -1.19047463  2.38094926 -0.5952388   0.5952388  -1.78571045
  0.59523582  1.19047463 -0.59523582  0.59523582  1.19047761 -1.19047761]","[0.03100531 0.03526196 0.0400702  0.04427559 0.04566834 0.04652593
 0.04873377 0.04978424 0.04970815 0.04760142 0.0472184  0.04481784
 0.04282816 0.03922096 0.04076261 0.04088178 0.0394184  0.03390117
 0.03256229 0.03235666 0.03371919 0.03351384 0.03325608 0.03335887
 0.03354886]"
28,WAV2VEC2_BASE,EmoDB,13,5.941923329606652,4.733333066304576,"[-5.35714328 11.30952537  2.38095224 -1.19047463  1.78571343 -2.97619104
  1.19047761 -1.19047761  0.5952388   1.19047463 -1.19047463  2.38095224]","[0.07743379 0.06529159 0.06724787 0.0743369  0.08079279 0.0897108
 0.09384972 0.09082759 0.08466176 0.07985559 0.07058149 0.05822228
 0.06718786]"
29,WAV2VEC2_LARGE,EmoDB,25,12.136588240973651,-0.03225890853273278,"[ 5.35714626  3.57142687  4.76190448  4.16666567 -4.16666567  1.19047761
  5.35714328  0.59523582 -4.16666567  5.35714328  0.         -0.5952388
  1.19047761  1.78571343 -0.5952388  -1.19047463  1.78571343 -4.16666865
  1.78571343 -1.78571343  1.19047761  0.5952388   0.         -3.57142985]","[0.03119012 0.03297482 0.03366472 0.03346472 0.03612979 0.03877156
 0.04204141 0.04351882 0.04305685 0.04419222 0.04392342 0.0452321
 0.04308707 0.04531501 0.043765   0.04416351 0.04609209 0.04729001
 0.04584168 0.04365557 0.03960098 0.03553286 0.03143739 0.03088199
 0.03517626]"
30,WAV2VEC2_LARGE_XLSR,EmoDB,25,11.881460417062044,46.74285227094401,"[ 13.69047463  -0.5952388    3.57142687   1.78571641   4.16666567
  -1.19047761   0.           4.16666865   0.59523582   0.5952388
  -0.5952388    0.5952388   -4.16666567   2.97619104   1.19047463
   0.          -0.5952388    0.5952388    0.          -0.5952388
   0.5952388  -32.14285672  -8.92857015  -6.54761791]","[0.04019913 0.04028266 0.04030941 0.04032689 0.040346   0.04038928
 0.04049159 0.04051579 0.040526   0.04051851 0.0405173  0.04050394
 0.04050116 0.0405082  0.04052413 0.04055695 0.04057539 0.04058279
 0.04061429 0.0406661  0.04072384 0.04069243 0.03638355 0.03637063
 0.03637404]"
31,WAV2VEC2_LARGE_XLSR300M,EmoDB,25,12.482428745366633,1.3809509731472698,"[ 5.95237911e+00  6.54762089e+00  5.95238209e+00 -2.98023224e-06
  2.38095522e+00  2.38094926e+00 -1.78571343e+00  2.38095224e+00
  1.19047463e+00  4.16666865e+00 -2.98023224e-06 -5.95235825e-01
  1.19047761e+00 -5.95238805e-01 -1.78571343e+00 -2.98023224e-06
  5.95238805e-01 -1.19047463e+00  1.78571343e+00  5.95235825e-01
 -5.95235825e-01 -2.38095224e+00  1.78571641e+00 -2.97619402e+00]","[0.03269503 0.03051114 0.03065121 0.03121748 0.03360702 0.03680245
 0.03793469 0.03870406 0.04127919 0.04415461 0.04382493 0.0433221
 0.04361822 0.04341292 0.04376826 0.04386097 0.0461374  0.04720456
 0.05156404 0.04990071 0.04116655 0.0440267  0.03451138 0.03195821
 0.03416619]"
32,HUBERT_ASR_LARGE,IEMOCAP,25,13.614780557341874,7.9245271174432,"[ 2.13903785e+00 -1.78253651e-01  2.67380476e-01  9.35825706e-01
 -3.11940908e-01  9.80392098e-01  4.90197539e-01  4.90194559e-01
 -2.22817063e-01  3.16399336e+00 -1.69340372e+00  1.11407936e+00
 -1.24776959e+00  1.60427690e+00  1.20320916e+00 -2.36185491e+00
  3.03030312e+00  1.20320916e+00  4.90197539e-01 -1.33689940e+00
  4.45634127e-01 -2.98023224e-06  9.35831666e-01 -1.69340670e+00]","[0.01872585 0.01959417 0.02418294 0.02837431 0.03089062 0.03176064
 0.03371558 0.03456565 0.03405426 0.03266288 0.03588965 0.03997757
 0.04335412 0.04400655 0.03753604 0.04232927 0.04781804 0.05539651
 0.05986147 0.07652733 0.07840665 0.06586742 0.03667536 0.02716214
 0.020665  ]"
33,HUBERT_BASE,IEMOCAP,13,7.047980343922973,2.3419356536716447,"[ 1.47058666  2.09447443  0.22281706  2.71835923  1.24777257 -0.66844821
  0.13369024 -0.93582869  1.15864575  0.31194091  0.08912683 -0.93582869]","[0.0402956  0.03524368 0.05436922 0.05332071 0.05516705 0.06168846
 0.07597707 0.09185578 0.13926312 0.14225741 0.1026526  0.07978699
 0.06812236]"
34,HUBERT_LARGE,IEMOCAP,25,14.042987660504878,6.690239512112961,"[ 3.65418792  2.80748606 -1.11408234  3.74331474 -0.75757504  1.60427988
 -1.29233599  0.9803921   0.57932138 -0.6238848   2.09447145 -1.9162178
  0.44563115  1.20320916 -0.53475797  0.6238848  -1.47058964  1.51515305
 -0.53476095  0.71301162  1.42602921 -0.57932436  0.22281706  0.44563413]","[0.02127098 0.02135692 0.02433426 0.02686064 0.0263775  0.02741567
 0.03029787 0.03172193 0.03182034 0.03109656 0.03505595 0.0386625
 0.04264038 0.04410498 0.03971002 0.04023384 0.04464061 0.04961382
 0.05735579 0.07328666 0.07218157 0.06302828 0.0335495  0.03787675
 0.05550668]"
35,WAV2VEC2_ASR_LARGE_960H,IEMOCAP,25,10.541348225437105,4.147481237319344,"[ 7.30837882  0.89126825  0.17825067  0.93582869 -0.31194389  1.02495849
 -0.53476095 -0.2673775   1.51515007  1.42602623 -0.35651028  0.75757802
 -0.98039508 -2.31728852  1.24776959  0.7130146  -0.40106773  1.06951892
  2.00534761 -1.3368994  -1.20320916  0.44563115  0.93583167 -0.3565073 ]","[0.01953398 0.02893111 0.03399924 0.03809301 0.04455596 0.0512282
 0.05075025 0.05785023 0.05489043 0.06066936 0.06961343 0.05967252
 0.07192403 0.06344627 0.05844005 0.05481992 0.03706033 0.0264284
 0.01841943 0.01704892 0.01558295 0.01584034 0.01725421 0.01607197
 0.01787546]"
36,WAV2VEC2_BASE,IEMOCAP,13,6.1991951279342175,3.448088741703945,"[ 3.20855677  0.04456043  1.91622078 -0.98038912  2.36185491  0.84670186
  1.60427392 -0.49019456 -1.02495551  0.57932436 -1.15864575  1.24777257]","[0.0403133  0.04054252 0.04605744 0.06502079 0.0844108  0.08603945
 0.15007257 0.15795308 0.12717575 0.07373142 0.04577883 0.03609759
 0.04680646]"
37,WAV2VEC2_LARGE,IEMOCAP,25,11.418544246815145,4.5925938922026655,"[ 1.51515305  0.49019456  1.64884329  2.49554217 -2.98573971  1.73796713
  1.78253055 -0.22281408  0.6238848  -0.04456341 -0.13369024  1.29233599
 -0.9803921   0.08912683  0.17825067 -0.13369024 -0.08912683 -0.75757205
 -0.80214143  1.60427988 -0.08912683 -0.26738048 -0.93582869  1.20320916]","[0.01605772 0.02393055 0.02984208 0.03654532 0.03734321 0.03765944
 0.04206591 0.05319317 0.06225425 0.0510335  0.05526648 0.05599393
 0.06842805 0.07279862 0.0555709  0.05203117 0.04423877 0.03522467
 0.03333836 0.03196372 0.02657467 0.02296103 0.01998107 0.01321805
 0.02248536]"
38,WAV2VEC2_LARGE_XLSR,IEMOCAP,25,11.707600992172956,46.12194122054312,"[ 2.18359828  0.22282004  2.45097876 -0.3565073  -0.35650432  0.80213845
  0.9803921   1.20320916 -0.66845119 -0.22281706 -0.31194091  1.02495253
 -0.49019456  0.40107071 -0.26738048  1.29233599 -1.02495551  0.35650432
 -1.33689642  2.22816169 -1.33689642 -7.30837882 -2.00534761 -2.9411763 ]","[0.03618777 0.03802606 0.03871932 0.03880593 0.03989176 0.04007183
 0.04119333 0.04254888 0.04233816 0.04251702 0.04189712 0.0417709
 0.04222993 0.04290407 0.04333229 0.04410122 0.04536556 0.04632021
 0.04727604 0.04713539 0.04885305 0.04724155 0.02041148 0.02039002
 0.02047116]"
39,WAV2VEC2_LARGE_XLSR300M,IEMOCAP,25,13.987105053383857,-0.20258125552919254,"[ 5.34759462  2.58466899 -0.89126527  2.49554515  1.06951892 -0.04456043
 -1.38146579  2.58467197 -0.57932138  0.22281408  0.3565073  -0.04456341
  0.40107071 -0.44563413  0.62388778  1.33689642 -0.71301162 -1.11408234
  1.51515007 -3.38681042  2.49554515 -0.9803921  -0.89126229 -0.22281706]","[0.01189667 0.00862539 0.00925375 0.01173072 0.01490119 0.01990905
 0.0228327  0.02448273 0.03772913 0.05287839 0.05027004 0.04166767
 0.04745196 0.04962278 0.06166095 0.06136352 0.05695782 0.10548111
 0.13029041 0.08769093 0.02972146 0.02768025 0.01127024 0.01041963
 0.01421147]"
40,HUBERT_ASR_LARGE,RAVDESS,25,11.934999349527061,3.31404871719466,"[ 9.00000036  0.66666603  6.16666675 -0.66666901  3.0000031  -5.33333421
  3.33333313  2.1666646  -1.99999809  1.66666508 -2.1666646   2.83333361
 -1.00000203  3.83333564  0.16666651  0.33333302 -3.33333313  6.83333278
 -0.66666603 -1.33333206 -5.00000119  0.83333254  0.66666603  0.16666651]","[0.02827652 0.02930653 0.03221014 0.03623081 0.03858433 0.03994281
 0.04337916 0.04314736 0.04203868 0.04360207 0.04618852 0.05110682
 0.05073891 0.05529299 0.05268526 0.04620182 0.04282089 0.04104629
 0.03940579 0.03854368 0.03695694 0.03433565 0.03043396 0.02972953
 0.02779449]"
41,HUBERT_BASE,RAVDESS,13,6.437088657170534,-4.88889694655351,"[ 0.50000101  1.83333457  2.1666646  -3.49999964  2.00000107 -1.16666555
  2.1666646  -5.49999923  2.83333361  5.33333272 -5.00000119 -0.16666651]","[0.06985375 0.05323213 0.06029953 0.06483408 0.06723109 0.07625321
 0.0907171  0.09101716 0.09001963 0.0865764  0.09104924 0.0796955
 0.07922122]"
42,HUBERT_LARGE,RAVDESS,25,12.45362945459783,4.610686166394419,"[ 8.66666734  4.66666818  0.16666651  2.1666646   1.00000203 -1.66666806
  3.66666615 -0.33333302 -3.16666663  0.99999905 -1.49999857  6.00000024
  2.49999762  1.66666806 -3.83333266  3.00000012 -4.16666865 -0.16666353
  2.1666646   0.16666949 -2.6666671   1.66666508 -0.83333254  1.66666508]","[0.03198692 0.03216217 0.03289641 0.0340098  0.03512674 0.03597359
 0.03825994 0.03886091 0.03834653 0.03867542 0.04276537 0.04665599
 0.05090133 0.05103805 0.04875513 0.04381851 0.04063489 0.03938061
 0.03944722 0.03876551 0.03815952 0.0381155  0.03534312 0.04368442
 0.04623643]"
43,WAV2VEC2_ASR_LARGE_960H,RAVDESS,25,10.52405926771462,1.8775496947573587,"[ 7.00000226 -0.16666651 -3.50000262 -1.83333158  0.66666603  3.66666913
  3.83333266 -1.16666853 -5.33333123  5.33333123 -2.6666671   4.00000215
  0.99999905 -1.33333504  0.66666901  1.16666555 -0.49999952 -2.00000107
  2.5000006   1.33333504 -4.66666818  0.16666651 -1.33333206  1.33333206]","[0.02550363 0.03548882 0.04241905 0.0443176  0.04868565 0.0522836
 0.06067842 0.0601793  0.06502241 0.06170551 0.05754624 0.05190734
 0.04650434 0.04113198 0.03977446 0.03698468 0.03126784 0.02436363
 0.02219421 0.02231844 0.02394013 0.02483775 0.02562242 0.02690252
 0.02842004]"
44,WAV2VEC2_BASE,RAVDESS,13,6.005332497879863,7.814815722374913,"[-6.66666031e-01 -2.33333409e+00  6.66666031e-01  4.33333218e+00
 -3.33330035e-01  4.99999523e-01  2.66666412e+00 -3.33333015e+00
  3.16666663e+00 -6.66669011e-01  2.98023224e-06  4.99999523e-01]","[0.05979807 0.05361134 0.06163825 0.06804112 0.08115264 0.1106898
 0.10615687 0.10765852 0.10758675 0.08597129 0.06323864 0.0445918
 0.04986493]"
45,WAV2VEC2_LARGE,RAVDESS,25,12.071261211298406,-0.8260913677169266,"[ 7.16666579 -2.83333361  1.00000203 -3.0000031   2.66667008  0.49999654
 -1.16666257  1.49999857  0.66666603 -0.16666651  2.00000107 -1.16666853
  2.00000107  1.50000155  0.83333254  1.83333158 -2.1666646   0.99999607
  0.66666901 -2.16666758  0.333336   -0.49999952 -1.33333504 -1.50000155]","[0.02264867 0.02953581 0.02674272 0.02852893 0.03202126 0.03500522
 0.04202706 0.05176977 0.04917234 0.05088248 0.05243492 0.05335211
 0.05110865 0.04792469 0.04673792 0.04942489 0.05173906 0.0488657
 0.04630426 0.04235339 0.03570067 0.02763406 0.02577714 0.02313835
 0.02916992]"
46,WAV2VEC2_LARGE_XLSR,RAVDESS,25,11.846653431653976,589.3995129112493,"[ 14.8333326   -0.83333552  -0.99999607   3.00000012   1.83333158
   0.16666651  -0.66666603   3.83333266   3.83333564  -2.5000006
   3.66666615  -1.66666806   0.83333254   1.83333457  -2.00000107
  -1.33333206   1.66666508   1.83333457   0.          -2.33333409
  -3.33333015 -12.50000298  -5.83333373  -4.16666567]","[0.03955694 0.03983162 0.03991873 0.0399544  0.03999424 0.04010521
 0.04094733 0.04100716 0.04095676 0.04086406 0.04085218 0.0407944
 0.0408441  0.04096699 0.04119208 0.04151545 0.04160639 0.04172114
 0.04177538 0.04174565 0.04197511 0.04181091 0.03336936 0.03333742
 0.03335704]"
47,WAV2VEC2_LARGE_XLSR300M,RAVDESS,25,12.889331185258925,3.8267728220588224,"[ 3.33333313  4.9999997   3.66666913  0.66666603 -0.99999905  4.16666567
 -0.99999905  1.83333158  1.49999857  1.00000203  0.49999952 -2.6666671
  6.99999928 -0.49999952  0.66666901 -7.16666877  9.16666687 -2.1666646
  1.99999809 -2.1666646  -2.33333707  2.33333707 -0.16666949 -2.49999762]","[0.02133926 0.02222165 0.02277243 0.02294633 0.02590319 0.03079983
 0.03342833 0.03566179 0.04209644 0.04927046 0.05061991 0.04971213
 0.05093714 0.05130532 0.05357765 0.05182447 0.05289189 0.05598265
 0.06525087 0.05559941 0.03951959 0.04431699 0.02463369 0.02319123
 0.02419733]"
48,HUBERT_ASR_LARGE,ShEMO,25,12.256861831061542,-0.35555175604655725,"[ 4.03225422  0.80645382  1.20967925  0.67204237 -0.9408623   0.9408623
  0.40322542 -0.5376339   0.80645084 -0.40322542  0.80645084 -1.74731314
  0.13441145  0.26881695 -0.26881695  0.26881695  0.40322542  0.40322542
 -0.40322542 -0.5376339   0.67204237 -1.34408474  0.40322542  0.        ]","[0.02249608 0.02391128 0.02838539 0.03285952 0.03488689 0.03743021
 0.03906458 0.04101035 0.04062421 0.0416064  0.04526805 0.05176158
 0.06134107 0.06486924 0.05716289 0.04560741 0.04561939 0.04668504
 0.04177906 0.04243769 0.04268007 0.03534198 0.02983042 0.02598692
 0.02135426]"
49,HUBERT_BASE,ShEMO,13,6.654420912265778,-4.000002771618625,"[ 0.          0.67204237  0.80645084 -0.13440847  0.          0.67204237
 -0.26881695  1.20967925 -0.9408623  -0.67204237  0.94085932 -1.20967627]","[0.05100326 0.04761519 0.05233261 0.0650412  0.0695113  0.08323939
 0.08487714 0.09370627 0.10908952 0.09433806 0.09110925 0.08292465
 0.07521214]"
50,HUBERT_LARGE,ShEMO,25,12.608599815517664,2.2051308145649955,"[ 2.55376101  1.47849619  0.          0.80645382  0.40322542  0.13440847
 -0.9408623   1.34408772 -0.67204237  0.40322542 -0.5376339   0.13440847
 -1.47849619  1.47849619  1.88171864 -0.67204237 -1.47849321  1.07526779
 -1.07527077  0.13441145 -0.13440847 -0.26881695  0.67204237  0.        ]","[0.02592903 0.02592184 0.02758631 0.03046454 0.03164203 0.03355574
 0.03583585 0.03839393 0.03888549 0.03837397 0.04534042 0.05178666
 0.06092001 0.06323115 0.05962389 0.04889902 0.0440255  0.0406113
 0.03790258 0.03664455 0.03531164 0.0321586  0.03423528 0.03610857
 0.0466121 ]"
51,WAV2VEC2_ASR_LARGE_960H,ShEMO,25,10.770832947455347,-6.166656606729974,"[ 2.68816948e+00  0.00000000e+00  2.68819928e-01  2.68816948e-01
  1.88172162e+00 -2.28494704e+00  2.68816948e-01  2.68816948e-01
  5.37636876e-01 -1.34408474e-01  5.37633896e-01 -6.72045350e-01
  2.98023224e-06  2.68816948e-01 -6.72045350e-01 -1.20967925e+00
  1.07527077e+00 -6.72045350e-01 -2.68816948e-01  5.37633896e-01
 -1.34408474e-01 -4.03225422e-01  1.47849917e+00 -1.20967925e+00]","[0.0232992  0.02788851 0.03359768 0.03953567 0.04195043 0.04986153
 0.06138933 0.06889623 0.08544724 0.06091624 0.04987189 0.04922673
 0.04580423 0.04579173 0.04238475 0.04277464 0.03461193 0.02408092
 0.02077189 0.01966241 0.02184632 0.0257202  0.0270929  0.02816127
 0.02941611]"
52,WAV2VEC2_BASE,ShEMO,13,5.9321276023983955,-0.29999268294305337,"[ 1.07526779e+00 -4.03225422e-01  8.06453824e-01 -2.98023224e-06
  5.37636876e-01  2.68819928e-01 -5.37636876e-01 -2.68816948e-01
  2.68816948e-01 -6.72042370e-01  4.03225422e-01 -1.34408474e-01]","[0.05176822 0.04940403 0.05505641 0.07983543 0.09375306 0.11576165
 0.1441649  0.09038124 0.09045807 0.07817983 0.05995157 0.04059993
 0.05068567]"
53,WAV2VEC2_LARGE,ShEMO,25,11.467139827087522,-0.3703859735567053,"[ 2.28494406  2.15054154 -0.8064568  -0.80645084  1.20967925  0.53763688
  0.80645084 -0.26881695  0.26881695 -0.40322542  0.         -1.34408772
  0.40322542  0.67204237 -1.47849619  0.67204535 -0.80645382 -0.94085932
  1.20967627  0.         -0.40322542  0.67204237 -0.80645084  0.80645084]","[0.0208537  0.02495175 0.03087736 0.03487876 0.03580354 0.04248777
 0.04674309 0.05425343 0.06546504 0.07645988 0.05350942 0.04729216
 0.04519961 0.04833755 0.04684836 0.04311939 0.04103505 0.03874357
 0.03476413 0.03460795 0.03466375 0.0265101  0.02562983 0.02021191
 0.02675287]"
54,WAV2VEC2_LARGE_XLSR,ShEMO,25,11.704810608178377,38.29824215399445,"[ 3.22580338  0.13440847  1.47849917 -0.80645382  1.47849619 -0.13440847
  0.40322542  0.13440847 -0.26881695  0.13440847 -0.5376339   0.40322542
  0.13440847  1.20967627 -1.34408474  0.94085932 -0.5376339  -0.13440847
 -0.13440847 -1.07527077  1.74731314 -7.25806355 -3.09140086 -3.76344025]","[0.03800279 0.03907222 0.03909606 0.03973459 0.0398066  0.04028777
 0.04146341 0.04185633 0.04189014 0.04206811 0.04210094 0.04203109
 0.04228881 0.04255184 0.04284973 0.04321507 0.0435434  0.04397423
 0.04425793 0.04483877 0.04598402 0.04572798 0.0244564  0.02443186
 0.02446991]"
55,WAV2VEC2_LARGE_XLSR300M,ShEMO,25,13.708684655837715,2.5714293067553795,"[ 5.24193347  0.13440847 -0.26881993  0.4032284   1.34408772 -0.5376339
  0.          0.67204237  0.          0.          0.26881695 -0.80645084
  0.67204237  0.5376339  -0.67204237  0.40322542  0.94085932 -0.13440847
 -0.40322542 -0.5376339   1.07526779  0.67204237 -1.20967627 -0.26881695]","[0.01588289 0.01292453 0.01427724 0.01403979 0.01774318 0.02443115
 0.0297264  0.03029899 0.03977569 0.05125809 0.05064122 0.04185001
 0.04635523 0.05198423 0.05454611 0.04992189 0.05542647 0.07569574
 0.10222953 0.08787368 0.03848815 0.03840577 0.01973049 0.01889807
 0.01759546]"
